-- phpMyAdmin SQL Dump
-- version 5.0.3
-- https://www.phpmyadmin.net/
--
-- Host: 127.0.0.1
-- Generation Time: Nov 12, 2021 at 07:27 PM
-- Server version: 10.4.14-MariaDB
-- PHP Version: 7.4.11

SET SQL_MODE = "NO_AUTO_VALUE_ON_ZERO";
START TRANSACTION;
SET time_zone = "+00:00";


/*!40101 SET @OLD_CHARACTER_SET_CLIENT=@@CHARACTER_SET_CLIENT */;
/*!40101 SET @OLD_CHARACTER_SET_RESULTS=@@CHARACTER_SET_RESULTS */;
/*!40101 SET @OLD_COLLATION_CONNECTION=@@COLLATION_CONNECTION */;
/*!40101 SET NAMES utf8mb4 */;

--
-- Database: `cms_db`
--

-- --------------------------------------------------------

--
-- Table structure for table `branches`
--

CREATE TABLE `branches` (
  `id` int(30) NOT NULL,
  `branch_code` varchar(50) NOT NULL,
  `street` text NOT NULL,
  `city` text NOT NULL,
  `state` text NOT NULL,
  `zip_code` varchar(50) NOT NULL,
  `country` text NOT NULL,
  `contact` varchar(100) NOT NULL,
  `date_created` datetime NOT NULL DEFAULT current_timestamp()
) ENGINE=InnoDB DEFAULT CHARSET=utf8mb4;

--
-- Dumping data for table `branches`
--

INSERT INTO `branches` (`id`, `branch_code`, `street`, `city`, `state`, `zip_code`, `country`, `contact`, `date_created`) VALUES
(1, 'vzTL0PqMogyOWhF', '564', 'Rigwada', 'Maharahstra', '521001', 'India', '+915856926475', '2020-11-26 11:21:41'),
(5, 'r3218qws4SgbzPj', '965', 'Jahu', 'Himachal Pradesh', '176048', 'India', '7018422982', '2021-11-12 22:19:37');

-- --------------------------------------------------------

--
-- Table structure for table `parcels`
--

CREATE TABLE `parcels` (
  `id` int(30) NOT NULL,
  `reference_number` varchar(100) NOT NULL,
  `sender_name` text NOT NULL,
  `sender_address` text NOT NULL,
  `sender_contact` text NOT NULL,
  `recipient_name` text NOT NULL,
  `recipient_address` text NOT NULL,
  `recipient_contact` text NOT NULL,
  `type` int(1) NOT NULL COMMENT '1 = Deliver, 2=Pickup',
  `from_branch_id` varchar(30) NOT NULL,
  `to_branch_id` varchar(30) NOT NULL,
  `weight` varchar(100) NOT NULL,
  `height` varchar(100) NOT NULL,
  `width` varchar(100) NOT NULL,
  `length` varchar(100) NOT NULL,
  `price` float NOT NULL,
  `status` int(2) NOT NULL DEFAULT 0,
  `date_created` datetime NOT NULL DEFAULT current_timestamp()
) ENGINE=InnoDB DEFAULT CHARSET=utf8mb4;

--
-- Dumping data for table `parcels`
--

INSERT INTO `parcels` (`id`, `reference_number`, `sender_name`, `sender_address`, `sender_contact`, `recipient_name`, `recipient_address`, `recipient_contact`, `type`, `from_branch_id`, `to_branch_id`, `weight`, `height`, `width`, `length`, `price`, `status`, `date_created`) VALUES
(1, '201406231415', 'John Smith', 'Sample', '+123456', 'Claire Blake', 'Sample', 'Sample', 1, '1', '0', '30kg', '12in', '12in', '15in', 2500, 7, '2020-11-26 16:15:46'),
(2, '117967400213', 'John Smith', 'Sample', '+123456', 'Claire Blake', 'Sample', 'Sample', 2, '1', '3', '30kg', '12in', '12in', '15in', 2500, 1, '2020-11-26 16:46:03'),
(3, '983186540795', 'John Smith', 'Sample', '+123456', 'Claire Blake', 'Sample', 'Sample', 2, '1', '5', '20Kg', '10in', '10in', '10in', 1500, 2, '2020-11-26 16:46:03'),
(4, '514912669061', 'Claire Blake', 'Sample', '+123456', 'John Smith', 'Sample Address', '+12345', 2, '4', '1', '23kg', '12in', '12in', '15in', 1900, 7, '2020-11-27 13:52:14'),
(5, '897856905844', 'Claire Blake', 'Sample', '+123456', 'John Smith', 'Sample Address', '+12345', 2, '4', '1', '30kg', '10in', '10in', '10in', 1450, 0, '2020-11-27 13:52:14'),
(7, '004691543031', 'Rahul', 'Jahu Hamirpur Himachal Pradesh', '0147852369', 'Osheen', 'Pune', '1479856256', 2, '5', '1', '20', '20', '15', '56', 2000, 7, '2021-11-12 23:43:34');

-- --------------------------------------------------------

--
-- Table structure for table `parcel_tracks`
--

CREATE TABLE `parcel_tracks` (
  `id` int(30) NOT NULL,
  `parcel_id` int(30) NOT NULL,
  `status` int(2) NOT NULL,
  `date_created` datetime NOT NULL DEFAULT current_timestamp()
) ENGINE=InnoDB DEFAULT CHARSET=utf8mb4;

--
-- Dumping data for table `parcel_tracks`
--

INSERT INTO `parcel_tracks` (`id`, `parcel_id`, `status`, `date_created`) VALUES
(1, 2, 1, '2020-11-27 09:53:27'),
(2, 3, 1, '2020-11-27 09:55:17'),
(3, 1, 1, '2020-11-27 10:28:01'),
(4, 1, 2, '2020-11-27 10:28:10'),
(5, 1, 3, '2020-11-27 10:28:16'),
(6, 1, 4, '2020-11-27 11:05:03'),
(7, 1, 5, '2020-11-27 11:05:17'),
(8, 1, 7, '2020-11-27 11:05:26'),
(9, 3, 2, '2020-11-27 11:05:41'),
(10, 6, 1, '2020-11-27 14:06:57'),
(11, 4, 2, '2021-11-12 23:41:00'),
(12, 7, 3, '2021-11-12 23:46:43'),
(13, 7, 1, '2021-11-12 23:47:16'),
(14, 7, 6, '2021-11-12 23:48:07'),
(15, 7, 8, '2021-11-12 23:48:20'),
(16, 7, 3, '2021-11-12 23:48:31'),
(17, 7, 5, '2021-11-12 23:49:03'),
(18, 7, 7, '2021-11-12 23:49:16'),
(19, 4, 6, '2021-11-12 23:52:50'),
(20, 4, 4, '2021-11-12 23:53:03'),
(21, 4, 5, '2021-11-12 23:53:28'),
(22, 4, 7, '2021-11-12 23:53:40');

-- --------------------------------------------------------

--
-- Table structure for table `system_settings`
--

CREATE TABLE `system_settings` (
  `id` int(30) NOT NULL,
  `name` text NOT NULL,
  `email` varchar(200) NOT NULL,
  `contact` varchar(20) NOT NULL,
  `address` text NOT NULL,
  `cover_img` text NOT NULL
) ENGINE=InnoDB DEFAULT CHARSET=utf8mb4;

--
-- Dumping data for table `system_settings`
--

INSERT INTO `system_settings` (`id`, `name`, `email`, `contact`, `address`, `cover_img`) VALUES
(1, 'Parcel Tracker & Monitor', 'info@sample.com', '+6948 8542 623', '#452, Hinjewadi, Pune, Maharastra, India-411057', '');

-- --------------------------------------------------------

--
-- Table structure for table `users`
--

CREATE TABLE `users` (
  `id` int(30) NOT NULL,
  `firstname` varchar(200) NOT NULL,
  `lastname` varchar(200) NOT NULL,
  `email` varchar(200) NOT NULL,
  `password` text NOT NULL,
  `type` tinyint(1) NOT NULL DEFAULT 2 COMMENT '1 = admin, 2 = staff',
  `branch_id` int(30) NOT NULL,
  `date_created` datetime NOT NULL DEFAULT current_timestamp()
) ENGINE=InnoDB DEFAULT CHARSET=utf8mb4;

--
-- Dumping data for table `users`
--

INSERT INTO `users` (`id`, `firstname`, `lastname`, `email`, `password`, `type`, `branch_id`, `date_created`) VALUES
(1, 'Administrator', '', 'admin@admin.com', '0192023a7bbd73250516f069df18b500', 1, 0, '2020-11-26 10:57:04'),
(2, 'John', 'Smith', 'jsmith@sample.com', '1254737c076cf867dc53d60a0364f38e', 2, 1, '2020-11-26 11:52:04'),
(3, 'Sumit', 'Bhatia', 'sumit@shipping.com', '637534835cb265c5e844f6d2e76a79b0', 2, 4, '2020-11-27 13:32:12'),
(4, 'Sam', 'Bhatia', 'sambhatia@shipping.com', '637534835cb265c5e844f6d2e76a79b0', 2, 1, '2021-11-12 22:16:28');

--
-- Indexes for dumped tables
--

--
-- Indexes for table `branches`
--
ALTER TABLE `branches`
  ADD PRIMARY KEY (`id`);

--
-- Indexes for table `parcels`
--
ALTER TABLE `parcels`
  ADD PRIMARY KEY (`id`);

--
-- Indexes for table `parcel_tracks`
--
ALTER TABLE `parcel_tracks`
  ADD PRIMARY KEY (`id`);

--
-- Indexes for table `system_settings`
--
ALTER TABLE `system_settings`
  ADD PRIMARY KEY (`id`);

--
-- Indexes for table `users`
--
ALTER TABLE `users`
  ADD PRIMARY KEY (`id`);

--
-- AUTO_INCREMENT for dumped tables
--

--
-- AUTO_INCREMENT for table `branches`
--
ALTER TABLE `branches`
  MODIFY `id` int(30) NOT NULL AUTO_INCREMENT, AUTO_INCREMENT=6;

--
-- AUTO_INCREMENT for table `parcels`
--
ALTER TABLE `parcels`
  MODIFY `id` int(30) NOT NULL AUTO_INCREMENT, AUTO_INCREMENT=9;

--
-- AUTO_INCREMENT for table `parcel_tracks`
--
ALTER TABLE `parcel_tracks`
  MODIFY `id` int(30) NOT NULL AUTO_INCREMENT, AUTO_INCREMENT=23;

--
-- AUTO_INCREMENT for table `system_settings`
--
ALTER TABLE `system_settings`
  MODIFY `id` int(30) NOT NULL AUTO_INCREMENT, AUTO_INCREMENT=2;

--
-- AUTO_INCREMENT for table `users`
--
ALTER TABLE `users`
  MODIFY `id` int(30) NOT NULL AUTO_INCREMENT, AUTO_INCREMENT=5;
COMMIT;

/*!40101 SET CHARACTER_SET_CLIENT=@OLD_CHARACTER_SET_CLIENT */;
/*!40101 SET CHARACTER_SET_RESULTS=@OLD_CHARACTER_SET_RESULTS */;
/*!40101 SET COLLATION_CONNECTION=@OLD_COLLATION_CONNECTION */;
